country,subsidiary,customerNo,customer,ktc,model,description,inventoryNo
Austria,"St. Michael",10078,"BMTS - Bosch Mahle",KTC-073,KTC-BP/M,"Bedienpult ACD",100226
Austria,"St. Michael",10078,"BMTS - Bosch Mahle",KTC-073,KTC-HX/S,"Helix Slave",100227
Austria,"St. Michael",10078,"BMTS - Bosch Mahle",KTC-073,KTC-HX/S,"Helix Slave",100228
Austria,"St. Michael",10078,"BMTS - Bosch Mahle",KTC-073,KTC-HX/S,"Helix Slave",100229
Brazil,"Joinville (SC)",610056,BOVENAU,KTC-326,KTC-BP/M,"Bedienpult ACD",100455
Brazil,"Joinville (SC)",610056,BOVENAU,KTC-326,KTC-HX/S,"Helix Slave",100457
Brazil,"Joinville (SC)",610056,BOVENAU,KTC-326,KTC-HX/S,"Helix Slave",100458
Brazil,"Joinville (SC)",610036,DURMETAL,KTC-303,KTC-BP/M,"Bedienpult ACD",100383
Brazil,"Joinville (SC)",610036,DURMETAL,KTC-303,KTC-HX/S,"Helix Slave",100385
Brazil,"Joinville (SC)",610036,DURMETAL,KTC-303,KTC-HX/S,"Helix Slave",100386
Brazil,"Joinville (SC)",610036,DURMETAL,KTC-303,KTC-HX/S,"Helix Slave",101362
Brazil,"Joinville (SC)",610086,FRANKLIN,KTC-360,KTC-HX/M,"Helix Master",101693
Brazil,"Joinville (SC)",610086,FRANKLIN,KTC-360,KTC-HX/S,"Helix Slave",101694
Brazil,"Joinville (SC)",610072,HUBNER,KTC-345,KTC-BP/M,"Bedienpult ACD",100536
Brazil,"Joinville (SC)",610072,HUBNER,KTC-345,KTC-HX/S,"Helix Slave",100537
Brazil,"Joinville (SC)",610072,HUBNER,KTC-345,KTC-HX/S,"Helix Slave",100538
Brazil,"Joinville (SC)",610072,HUBNER,KTC-345,KTC-HX/S,"Helix Slave",100539
Brazil,"Joinville (SC)",610072,HUBNER,KTC-345,KTC-HX/S,"Helix Slave",100540
Brazil,"Joinville (SC)",610072,HUBNER,KTC-345,KTC-HX/S,"Helix Slave",100542
Brazil,"Joinville (SC)",6100001,HYBEL,KTC-301,KTC-HX/M,"Helix Master",100248
Brazil,"Joinville (SC)",6100001,HYBEL,KTC-301,KTC-HX/S,"Helix Slave",100377
Brazil,"Joinville (SC)",6100001,HYBEL,KTC-301,KTC-HX/S,"Helix Slave",100379
Brazil,"Joinville (SC)",6100001,HYBEL,KTC-301,KTC-HX/S,"Helix Slave",100380
Brazil,"Joinville (SC)",6100001,HYBEL,KTC-301,KTC-HX/S,"Helix Slave",100381
Brazil,"Joinville (SC)",610091,"IMEPEL INDUSTRIA MECÁNICA LTDA",KTC-369,KTC-BP/M,"Bedienpult ACD",100299
Brazil,"Joinville (SC)",610091,"IMEPEL INDUSTRIA MECÁNICA LTDA",KTC-369,KTC-HX/S,"Helix Slave",100387
Brazil,"Joinville (SC)",610091,"IMEPEL INDUSTRIA MECÁNICA LTDA",KTC-369,KTC-HX/S,"Helix Slave",101645
Brazil,"Joinville (SC)",610058,MADEMIL,KTC-328,KTC-BP/M,"Bedienpult ACD",100464
Brazil,"Joinville (SC)",610058,MADEMIL,KTC-328,KTC-HX/S,"Helix Slave",100466
Brazil,"Joinville (SC)",610058,MADEMIL,KTC-328,KTC-HX/S,"Helix Slave",100467
Brazil,"Joinville (SC)",610093,"MODELACAO E FERRAMENTARIA WALBERT LTDA",KTC-371,KTC-HX/S,"Helix Slave",100281
Brazil,"Joinville (SC)",610093,"MODELACAO E FERRAMENTARIA WALBERT LTDA",KTC-371,KTC-HX/S,"Helix Slave",100281
Brazil,"Joinville (SC)",610093,"MODELACAO E FERRAMENTARIA WALBERT LTDA",KTC-371,KTC-HX/M,"Helix Master",101649
Brazil,"Joinville (SC)",610093,"MODELACAO E FERRAMENTARIA WALBERT LTDA",KTC-371,KTC-HX/M,"Helix Master",101649
Brazil,"Joinville (SC)",610093,"MODELACAO E FERRAMENTARIA WALBERT LTDA",KTC-371,KTC-HX/S,"Helix Slave",101650
Brazil,"Joinville (SC)",610093,"MODELACAO E FERRAMENTARIA WALBERT LTDA",KTC-371,KTC-HX/S,"Helix Slave",101650
Brazil,"Joinville (SC)",610089,"NOBRE INDUSTRIA DE PECAS LTDA",KTC-366,KTC-HX/S,"Helix Slave",101098
Brazil,"Joinville (SC)",610089,"NOBRE INDUSTRIA DE PECAS LTDA",KTC-366,KTC-HX/S,"Helix Slave",101364
Brazil,"Joinville (SC)",610089,"NOBRE INDUSTRIA DE PECAS LTDA",KTC-366,KTC-BP/M,"Bedienpult ACD",101640
Brazil,"Joinville (SC)",610047,RUDOLPH,KTC-319,KTC-BP/M,"Bedienpult ACD",100416
Brazil,"Joinville (SC)",610047,RUDOLPH,KTC-319,KTC-HX/S,"Helix Slave",100418
Brazil,"Joinville (SC)",610047,RUDOLPH,KTC-319,KTC-HX/S,"Helix Slave",100419
Brazil,"Joinville (SC)",610047,RUDOLPH,KTC-319,KTC-HX/S,"Helix Slave",100420
Brazil,"Joinville (SC)",610047,RUDOLPH,KTC-319,KTC-HX/S,"Helix Slave",100421
Brazil,"Joinville (SC)",610047,RUDOLPH,KTC-319,KTC-HX/S,"Helix Slave",100422
Brazil,"Joinville (SC)",610047,RUDOLPH,KTC-322,KTC-BP/M,"Bedienpult ACD",100431
Brazil,"Joinville (SC)",610047,RUDOLPH,KTC-322,KTC-HX/S,"Helix Slave",100433
Brazil,"Joinville (SC)",610047,RUDOLPH,KTC-322,KTC-HX/S,"Helix Slave",100434
Brazil,"Joinville (SC)",610047,RUDOLPH,KTC-322,KTC-HX/S,"Helix Slave",100436
Brazil,"Joinville (SC)",610070,USIPE,KTC-343,KTC-BP/M,"Bedienpult ACD",100529
Brazil,"Joinville (SC)",610070,USIPE,KTC-343,KTC-HX/S,"Helix Slave",100530
Brazil,"Joinville (SC)",610070,USIPE,KTC-343,KTC-HX/S,"Helix Slave",100531
Brazil,"Joinville (SC)",610070,USIPE,KTC-343,KTC-HX/S,"Helix Slave",100881
Brazil,"Joinville (SC)",610062,USITIM,KTC-332,KTC-BP/M,"Bedienpult ACD",100482
Brazil,"Joinville (SC)",610062,USITIM,KTC-332,KTC-HX/S,"Helix Slave",100484
Brazil,"Joinville (SC)",610062,USITIM,KTC-332,KTC-HX/S,"Helix Slave",100485
Brazil,"Joinville (SC)",610062,USITIM,KTC-332,KTC-HX/S,"Helix Slave",100486
Brazil,"Rio de Janeiro",610080,"FMC TECHNOLOGIES DO BRASIL LTDA",KTC-355,KTC-HX/S,"Helix Slave",100076
Brazil,"Rio de Janeiro",610080,"FMC TECHNOLOGIES DO BRASIL LTDA",KTC-355,KTC-HX/S,"Helix Slave",100077
Brazil,"Rio de Janeiro",610080,"FMC TECHNOLOGIES DO BRASIL LTDA",KTC-355,KTC-HX/S,"Helix Slave",100151
Brazil,"Rio de Janeiro",610080,"FMC TECHNOLOGIES DO BRASIL LTDA",KTC-355,KTC-HX/M,"Helix Master",101315
Brazil,"Rio Grande do Sul",610090,"Bruning Tecnometal LTDA",KTC-367,KTC-HX/S,"Helix Slave",100024
Brazil,"Rio Grande do Sul",610090,"Bruning Tecnometal LTDA",KTC-367,KTC-HX/S,"Helix Slave",100280
Brazil,"Rio Grande do Sul",610090,"Bruning Tecnometal LTDA",KTC-367,KTC-BP/M,"Bedienpult ACD",100517
Brazil,"Rio Grande do Sul",610090,"Bruning Tecnometal LTDA",KTC-367,KTC-HX/S,"Helix Slave",100596
Brazil,"Rio Grande do Sul",610090,"Bruning Tecnometal LTDA",KTC-367,KTC-HX/S,"Helix Slave",100597
Brazil,"Rio Grande do Sul",610090,"Bruning Tecnometal LTDA",KTC-368,KTC-HX/S,"Helix Slave",100025
Brazil,"Rio Grande do Sul",610090,"Bruning Tecnometal LTDA",KTC-368,KTC-BP/M,"Bedienpult ACD",100296
Brazil,"Rio Grande do Sul",610090,"Bruning Tecnometal LTDA",KTC-368,KTC-HX/S,"Helix Slave",100346
Brazil,"Rio Grande do Sul",610090,"Bruning Tecnometal LTDA",KTC-368,KTC-HX/S,"Helix Slave",101360
Brazil,"Rio Grande do Sul",610061,FALLGATER,KTC-331,KTC-BP/M,"Bedienpult ACD",100476
Brazil,"Rio Grande do Sul",610061,FALLGATER,KTC-331,KTC-HX/S,"Helix Slave",100478
Brazil,"Rio Grande do Sul",610061,FALLGATER,KTC-331,KTC-HX/S,"Helix Slave",100479
Brazil,"Rio Grande do Sul",610061,FALLGATER,KTC-331,KTC-HX/S,"Helix Slave",100480
Brazil,"Rio Grande do Sul",610061,FALLGATER,KTC-331,KTC-HX/S,"Helix Slave",100481
Brazil,"Rio Grande do Sul",610078,FUNDIMISA,KTC-354,KTC-HX/S,"Helix Slave",100239
Brazil,"Rio Grande do Sul",610078,FUNDIMISA,KTC-354,KTC-HX/S,"Helix Slave",100240
Brazil,"Rio Grande do Sul",610078,FUNDIMISA,KTC-354,KTC-HX/S,"Helix Slave",100241
Brazil,"Rio Grande do Sul",610078,FUNDIMISA,KTC-354,KTC-HX/M,"Helix Master",101314
Brazil,"Rio Grande do Sul",610059,INFASUL,KTC-329,KTC-HX/S,"Helix Slave",100243
Brazil,"Rio Grande do Sul",610059,INFASUL,KTC-329,KTC-HX/S,"Helix Slave",100470
Brazil,"Rio Grande do Sul",610059,INFASUL,KTC-329,KTC-HX/S,"Helix Slave",100471
Brazil,"Rio Grande do Sul",610059,INFASUL,KTC-329,KTC-BP/M,"Bedienpult ACD",101601
Brazil,"Rio Grande do Sul",610064,INTERMACH,KTC-334,KTC-HX/S,"Helix Slave",100489
Brazil,"Rio Grande do Sul",610064,INTERMACH,KTC-334,KTC-BP/M,"Bedienpult ACD",100491
Brazil,"Rio Grande do Sul",610064,INTERMACH,KTC-334,KTC-HX/S,"Helix Slave",100492
Brazil,"Rio Grande do Sul",610064,INTERMACH,KTC-334,KTC-HX/S,"Helix Slave",100493
Brazil,"Rio Grande do Sul",610064,INTERMACH,KTC-364,KTC-HX/M,"Helix Master",101449
Brazil,"Rio Grande do Sul",610069,INTERPUMP,KTC-342,KTC-HX/S,"Helix Slave",100525
Brazil,"Rio Grande do Sul",610069,INTERPUMP,KTC-342,KTC-BP/M,"Bedienpult ACD",100528
Brazil,"Rio Grande do Sul",610069,INTERPUMP,KTC-342,KTC-HX/S,"Helix Slave",100879
Brazil,"Rio Grande do Sul",610069,INTERPUMP,KTC-342,KTC-HX/S,"Helix Slave",101445
Brazil,"Rio Grande do Sul",610083,"John Deere",KTC-358,KTC-HX/S,"Helix Slave",100527
Brazil,"Rio Grande do Sul",610083,"John Deere",KTC-358,KTC-HX/M,"Helix Master",101120
Brazil,"Rio Grande do Sul",610083,"John Deere",KTC-358,KTC-HX/S,"Helix Slave",101440
Brazil,"Rio Grande do Sul",610083,"John Deere",KTC-358,KTC-HX/S,"Helix Slave",101629
Brazil,"Rio Grande do Sul",610060,PARKER,KTC-330,KTC-BP/M,"Bedienpult ACD",100472
Brazil,"Rio Grande do Sul",610060,PARKER,KTC-330,KTC-HX/S,"Helix Slave",100474
Brazil,"Rio Grande do Sul",610060,PARKER,KTC-330,KTC-HX/S,"Helix Slave",100475
Brazil,"Rio Grande do Sul",610066,VIEMAR,KTC-336,KTC-HX/S,"Helix Slave",100245
Brazil,"Rio Grande do Sul",610066,VIEMAR,KTC-336,KTC-HX/M,"Helix Master",100501
Brazil,"Rio Grande do Sul",610066,VIEMAR,KTC-336,KTC-HX/S,"Helix Slave",100841
Brazil,"Sao Paulo",610075,BIAGGIO,KTC-349,KTC-HX/S,"Helix Slave",100840
Brazil,"Sao Paulo",610075,BIAGGIO,KTC-349,KTC-HX/S,"Helix Slave",101293
Brazil,"Sao Paulo",610075,BIAGGIO,KTC-349,KTC-BP/M,"Bedienpult ACD",101588
Brazil,"Sao Paulo",610043,BORGWARNER,KTC-313,KTC-BP/M,"Bedienpult ACD",100389
Brazil,"Sao Paulo",610043,BORGWARNER,KTC-313,KTC-HX/S,"Helix Slave",100391
Brazil,"Sao Paulo",610043,BORGWARNER,KTC-313,KTC-HX/S,"Helix Slave",100392
Brazil,"Sao Paulo",610043,BORGWARNER,KTC-313,KTC-HX/S,"Helix Slave",100393
Brazil,"Sao Paulo",610043,BORGWARNER,KTC-313,KTC-HX/S,"Helix Slave",101099
Brazil,"Sao Paulo",610043,BORGWARNER,KTC-363,KTC-HX/M,"Helix Master",100372
Brazil,"Sao Paulo",610043,BORGWARNER,KTC-363,KTC-HX/S,"Helix Slave",100839
Brazil,"Sao Paulo",610043,BORGWARNER,KTC-363,KTC-HX/S,"Helix Slave",101447
Brazil,"Sao Paulo",610082,"BPN TRANSMISSOES LTDA",KTC-357,KTC-BP/M,"Bedienpult ACD",100370
Brazil,"Sao Paulo",610082,"BPN TRANSMISSOES LTDA",KTC-357,KTC-HX/S,"Helix Slave",100833
Brazil,"Sao Paulo",610082,"BPN TRANSMISSOES LTDA",KTC-357,KTC-HX/S,"Helix Slave",101100
Brazil,"Sao Paulo",610084,Carnevalli,KTC-359,KTC-HX/S,"Helix Slave",100014
Brazil,"Sao Paulo",610084,Carnevalli,KTC-359,KTC-HX/S,"Helix Slave",100078
Brazil,"Sao Paulo",610084,Carnevalli,KTC-359,KTC-HX/S,"Helix Slave",100079
Brazil,"Sao Paulo",610084,Carnevalli,KTC-359,KTC-BP/M,"Bedienpult ACD",101590
Brazil,"Sao Paulo",610081,"Engrecon S/A",KTC-356,KTC-HX/S,"Helix Slave",100075
Brazil,"Sao Paulo",610081,"Engrecon S/A",KTC-356,KTC-HX/S,"Helix Slave",100510
Brazil,"Sao Paulo",610081,"Engrecon S/A",KTC-356,KTC-HX/S,"Helix Slave",100519
Brazil,"Sao Paulo",610081,"Engrecon S/A",KTC-356,KTC-BP/M,"Bedienpult ACD",101589
Brazil,"Sao Paulo",610093,"FLUID SYSTEM",KTC-372,KTC-HX/S,"Helix Slave",100074
Brazil,"Sao Paulo",610093,"FLUID SYSTEM",KTC-372,KTC-HX/S,"Helix Slave",100490
Brazil,"Sao Paulo",610093,"FLUID SYSTEM",KTC-372,KTC-HX/M,"Helix Master",101521
Brazil,"Sao Paulo",610085,FRANKLIN,KTC-361,KTC-HX/S,"Helix Slave",100507
Brazil,"Sao Paulo",610085,FRANKLIN,KTC-361,KTC-BP/M,"Bedienpult ACD",100508
Brazil,"Sao Paulo",610085,FRANKLIN,KTC-361,KTC-HX/S,"Helix Slave",101486
Brazil,"Sao Paulo",610085,FRANKLIN,KTC-361,KTC-HX/S,"Helix Slave",101487
Brazil,"Sao Paulo",610057,HELLER,KTC-327,KTC-BP/M,"Bedienpult ACD",100459
Brazil,"Sao Paulo",610057,HELLER,KTC-327,KTC-HX/S,"Helix Slave",100461
Brazil,"Sao Paulo",610057,HELLER,KTC-327,KTC-HX/S,"Helix Slave",100462
Brazil,"Sao Paulo",610057,HELLER,KTC-327,KTC-HX/S,"Helix Slave",100463
Brazil,"Sao Paulo",610071,HITACHI,KTC-344,KTC-BP/M,"Bedienpult ACD",100532
Brazil,"Sao Paulo",610071,HITACHI,KTC-344,KTC-HX/S,"Helix Slave",100533
Brazil,"Sao Paulo",610071,HITACHI,KTC-344,KTC-HX/S,"Helix Slave",100535
Brazil,"Sao Paulo",610071,HITACHI,KTC-346,KTC-BP/M,"Bedienpult ACD",100543
Brazil,"Sao Paulo",610071,HITACHI,KTC-346,KTC-HX/S,"Helix Slave",100544
Brazil,"Sao Paulo",610071,HITACHI,KTC-346,KTC-HX/S,"Helix Slave",100545
Brazil,"Sao Paulo",11111,"KNORR BREMSE",KTC-351,KTC-HX/M,"Helix Master",100141
Brazil,"Sao Paulo",11111,"KNORR BREMSE",KTC-352,KTC-HX/M,"Helix Master",100145
Brazil,"Sao Paulo",11111,"KNORR BREMSE",KTC-352,KTC-HX/S,"Helix Slave",100673
Brazil,"Sao Paulo",610046,LANMAR,KTC-318,KTC-BP/M,"Bedienpult ACD",100409
Brazil,"Sao Paulo",610046,LANMAR,KTC-318,KTC-HX/S,"Helix Slave",100411
Brazil,"Sao Paulo",610046,LANMAR,KTC-318,KTC-HX/S,"Helix Slave",100412
Brazil,"Sao Paulo",610046,LANMAR,KTC-318,KTC-HX/S,"Helix Slave",100413
Brazil,"Sao Paulo",610046,LANMAR,KTC-318,KTC-HX/S,"Helix Slave",100414
Brazil,"Sao Paulo",610046,LANMAR,KTC-318,KTC-HX/S,"Helix Slave",100415
Brazil,"Sao Paulo",610076,SCHADEK,KTC-350,KTC-HX/S,"Helix Slave",100447
Brazil,"Sao Paulo",610076,SCHADEK,KTC-350,KTC-HX/S,"Helix Slave",100780
Brazil,"Sao Paulo",610076,SCHADEK,KTC-350,KTC-HX/S,"Helix Slave",100835
Brazil,"Sao Paulo",610076,SCHADEK,KTC-350,KTC-HX/S,"Helix Slave",101340
Brazil,"Sao Paulo",610076,SCHADEK,KTC-350,KTC-BP/M,"Bedienpult ACD",101585
Brazil,"Sao Paulo",610073,SIAC,KTC-347,KTC-HX/S,"Helix Slave",100836
Brazil,"Sao Paulo",610073,SIAC,KTC-347,KTC-HX/S,"Helix Slave",100838
Brazil,"Sao Paulo",610073,SIAC,KTC-347,KTC-BP/M,"Bedienpult ACD",101488
Brazil,"Sao Paulo",610068,"TAKASHI SHINTANI",KTC-338,KTC-BP/M,"Bedienpult ACD",100511
Brazil,"Sao Paulo",610068,"TAKASHI SHINTANI",KTC-338,KTC-HX/S,"Helix Slave",100513
Brazil,"Sao Paulo",610068,"TAKASHI SHINTANI",KTC-338,KTC-HX/S,"Helix Slave",100514
Brazil,"Sao Paulo",610068,"TAKASHI SHINTANI",KTC-338,KTC-HX/S,"Helix Slave",100875
Brazil,"Sao Paulo",610053,TUPTECH,KTC-323,KTC-BP/M,"Bedienpult ACD",100437
Brazil,"Sao Paulo",610053,TUPTECH,KTC-323,KTC-HX/S,"Helix Slave",100439
Brazil,"Sao Paulo",610053,TUPTECH,KTC-323,KTC-HX/S,"Helix Slave",100440
Brazil,"Sao Paulo",610053,TUPTECH,KTC-323,KTC-HX/S,"Helix Slave",100441
Brazil,"Sao Paulo",610053,TUPTECH,KTC-323,KTC-HX/S,"Helix Slave",100442
Brazil,"Sao Paulo",610065,UFT,KTC-335,KTC-BP/M,"Bedienpult ACD",100496
Brazil,"Sao Paulo",610065,UFT,KTC-335,KTC-HX/S,"Helix Slave",100497
Brazil,"Sao Paulo",610065,UFT,KTC-335,KTC-HX/S,"Helix Slave",100498
Brazil,"Sao Paulo",610065,UFT,KTC-335,KTC-HX/S,"Helix Slave",100499
Brazil,"Sao Paulo",610065,UFT,KTC-335,KTC-HX/S,"Helix Slave",100500
Brazil,"Sao Paulo",610092,USIESP,KTC-370,KTC-HX/S,"Helix Slave",100035
Brazil,"Sao Paulo",610092,USIESP,KTC-370,KTC-HX/S,"Helix Slave",100056
Brazil,"Sao Paulo",610092,USIESP,KTC-370,KTC-HX/S,"Helix Slave",101661
Brazil,"Sao Paulo",610092,USIESP,KTC-370,KTC-BP/M,"Bedienpult ACD",101662
"Czech Republic","Liberec (CZ)",10034,"Argo Hytos",KTC-705,KTC-HX/S,"Helix Slave",100060
"Czech Republic","Liberec (CZ)",10034,"Argo Hytos",KTC-705,KTC-HX/S,"Helix Slave",100061
"Czech Republic","Liberec (CZ)",10034,"Argo Hytos",KTC-705,KTC-HX/S,"Helix Slave",100065
"Czech Republic","Liberec (CZ)",10034,"Argo Hytos",KTC-705,KTC-HX/S,"Helix Slave",100069
"Czech Republic","Liberec (CZ)",10034,"Argo Hytos",KTC-705,KTC-HX/S,"Helix Slave",100331
"Czech Republic","Liberec (CZ)",10034,"Argo Hytos",KTC-705,KTC-HX/S,"Helix Slave",100338
"Czech Republic","Liberec (CZ)",10034,"Argo Hytos",KTC-705,KTC-HX/S,"Helix Slave",100339
"Czech Republic","Liberec (CZ)",10034,"Argo Hytos",KTC-705,KTC-KR/S,"Karussell Slave",101379
"Czech Republic","Liberec (CZ)",10034,"Argo Hytos",KTC-705,KTC-HX/M,"Helix Master",101523
"Czech Republic","Liberec (CZ)",10034,"Argo Hytos",KTC-707,KTC-BP/M,"Bedienpult ACD",100758
"Czech Republic","Liberec (CZ)",10034,"Argo Hytos",KTC-707,KTC-HX/S,"Helix Slave",100759
"Czech Republic","Liberec (CZ)",10034,"Argo Hytos",KTC-707,KTC-HX/S,"Helix Slave",100760
Denmark,"Nordborg (DK)",10189,"DANFOSS DK BURNER COMPONENTEN",KTC-046,KTC-KR/S,"Karussell Slave",101351
Denmark,"Nordborg (DK)",10189,"DANFOSS DK BURNER COMPONENTEN",KTC-046,KTC-HX/M,"Helix Master",101465
Denmark,"Nordborg (DK)",10189,"DANFOSS DK BURNER COMPONENTEN",KTC-146,KTC-KR/M,"Karussell Master",101380
Denmark,"Nordborg (DK)",10014,"Danfoss DK DPS",KTC-030,KTC-LO/S,"Locker Slave",101415
Denmark,"Nordborg (DK)",10014,"Danfoss DK DPS",KTC-030,KTC-HX/M,"Helix Master",101469
Denmark,"Nordborg (DK)",10014,"Danfoss DK DPS",KTC-031,KTC-HX/M,"Helix Master",101458
Denmark,"Nordborg (DK)",10014,"Danfoss DK DPS",KTC-032,KTC-ES/S,"TSM-Schubladenschrank Slave",100092
Denmark,"Nordborg (DK)",10014,"Danfoss DK DPS",KTC-032,KTC-ES/S,"TSM-Schubladenschrank Slave",100093
Denmark,"Nordborg (DK)",10014,"Danfoss DK DPS",KTC-032,KTC-HX/S,"Helix Slave",100305
Denmark,"Nordborg (DK)",10014,"Danfoss DK DPS",KTC-032,KTC-HX/S,"Helix Slave",100373
Denmark,"Nordborg (DK)",10014,"Danfoss DK DPS",KTC-032,KTC-HX/M,"Helix Master",101467
Denmark,"Nordborg (DK)",10014,"Danfoss DK DPS",KTC-033,KTC-HX/M,"Helix Master",101209
Denmark,"Nordborg (DK)",10014,"Danfoss DK DPS",KTC-034,KTC-HX/S,"Helix Slave",100254
Denmark,"Nordborg (DK)",10014,"Danfoss DK DPS",KTC-034,KTC-HX/M,"Helix Master",101468
Denmark,"Nordborg (DK)",10014,"Danfoss DK DPS",KTC-034,KTC-HX/S,"Helix Slave",101478
Denmark,"Nordborg (DK)",10161,"Danfoss DK HPP",KTC-045,KTC-HX/S,"Helix Slave",100676
Denmark,"Nordborg (DK)",10161,"Danfoss DK HPP",KTC-045,KTC-HX/S,"Helix Slave",100994
Denmark,"Nordborg (DK)",10161,"Danfoss DK HPP",KTC-045,KTC-HX/M,"Helix Master",101470
Denmark,"Nordborg (DK)",10204,"Danfoss DK Sondex",KTC-121,KTC-HX/S,"Helix Slave",101391
Denmark,"Nordborg (DK)",10204,"Danfoss DK Sondex",KTC-121,KTC-HX/M,"Helix Master",101466
France,"Grenoble (FR)",10096,"Caterpillar Grenoble (FR)",KTC-252,KTC-HX/S,"Helix Slave",100677
France,"Grenoble (FR)",10096,"Caterpillar Grenoble (FR)",KTC-252,KTC-HX/M,"Helix Master",101370
France,"Grenoble (FR)",10096,"Caterpillar Grenoble (FR)",KTC-253,KTC-HX/M,"Helix Master",100159
France,"Grenoble (FR)",10096,"Caterpillar Grenoble (FR)",KTC-256,KTC-HX/M,"Helix Master",101527
Germany,"Aichwald (Süd)",10351,"ERNST Umformtechnik",KTC-133,KTC-HX/M,"Helix Master",101516
Germany,"Aichwald (Süd)",10154,"Gardner Denver",KTC-067,KTC-ES/M,"TSM-Schubladenschrank Master",100200
Germany,"Aichwald (Süd)",10154,"Gardner Denver",KTC-067,KTC-HX/S,"Helix Slave",100201
Germany,"Aichwald (Süd)",10067,Heller,KTC-077,KTC-HX/S,"Helix Slave",100250
Germany,"Aichwald (Süd)",10067,Heller,KTC-077,KTC-HX/S,"Helix Slave",100251
Germany,"Aichwald (Süd)",10067,Heller,KTC-077,KTC-HX/S,"Helix Slave",100252
Germany,"Aichwald (Süd)",10067,Heller,KTC-077,KTC-HX/M,"Helix Master",100253
Germany,"Aichwald (Süd)",10067,Heller,KTC-077,KTC-KR/S,"Karussell Slave",101349
Germany,"Aichwald (Süd)",10067,Heller,KTC-077,KTC-LO/S,"Locker Slave",101416
Germany,"Aichwald (Süd)",10067,Heller,KTC-094,KTC-KR/M,"Karussell Master",101350
Germany,"Aichwald (Süd)",10341,"PPM Aberle",KTC-130,KTC-HX/M,"Helix Master",101461
Germany,"Aichwald (Süd)",10074,"Sauter Feinmechanik",KTC-078,KTC-ES/S,"TSM-Schubladenschrank Slave",100263
Germany,"Aichwald (Süd)",10074,"Sauter Feinmechanik",KTC-078,KTC-HX/M,"Helix Master",100999
Germany,"Aichwald (Süd)",10074,"Sauter Feinmechanik",KTC-078,KTC-HX/S,"Helix Slave",101124
Germany,"Aichwald (Süd)",10074,"Sauter Feinmechanik",KTC-078,KTC-HX/S,"Helix Slave",101126
Germany,"Aichwald (Süd)",10074,"Sauter Feinmechanik",KTC-078,KTC-HX/S,"Helix Slave",101135
Germany,"Aichwald (Süd)",10074,"Sauter Feinmechanik",KTC-078,KTC-KR/S,"Karussell Slave",101310
Germany,"Aichwald (Süd)",10183,"stoba Group",KTC-112,KTC-HX/S,"Helix Slave",100274
Germany,"Aichwald (Süd)",10183,"stoba Group",KTC-112,KTC-HX/S,"Helix Slave",100351
Germany,"Aichwald (Süd)",10183,"stoba Group",KTC-112,KTC-HX/S,"Helix Slave",100359
Germany,"Aichwald (Süd)",10183,"stoba Group",KTC-112,KTC-HX/M,"Helix Master",101654
Germany,"Aichwald (Süd)",10183,"stoba Group",KTC-113,KTC-HX/S,"Helix Slave",100102
Germany,"Aichwald (Süd)",10183,"stoba Group",KTC-113,KTC-HX/S,"Helix Slave",101481
Germany,"Aichwald (Süd)",10183,"stoba Group",KTC-113,KTC-HX/M,"Helix Master",101515
Germany,"Aichwald (Süd)",10183,"stoba Group",KTC-115,KTC-HX/S,"Helix Slave",100103
Germany,"Aichwald (Süd)",10183,"stoba Group",KTC-115,KTC-KR/S,"Karussell Slave",100327
Germany,"Aichwald (Süd)",10183,"stoba Group",KTC-115,KTC-ES/S,"TSM-Schubladenschrank Slave",100330
Germany,"Aichwald (Süd)",10183,"stoba Group",KTC-115,KTC-HX/M,"Helix Master",101653
Germany,"Aichwald (Süd)",10183,"stoba Group",KTC-116,KTC-HX/S,"Helix Slave",100089
Germany,"Aichwald (Süd)",10183,"stoba Group",KTC-116,KTC-HX/S,"Helix Slave",101402
Germany,"Aichwald (Süd)",10183,"stoba Group",KTC-116,KTC-HX/M,"Helix Master",101655
Germany,"Aichwald (Süd)",10183,"stoba Group",KTC-117,KTC-KR/M,"Karussell Master",101472
Germany,"Aichwald (Süd)",10183,"stoba Group",KTC-118,KTC-HX/S,"Helix Slave",100104
Germany,"Aichwald (Süd)",10183,"stoba Group",KTC-118,KTC-HX/M,"Helix Master",100321
Germany,"Aichwald (Süd)",10183,"stoba Group",KTC-118,KTC-HX/S,"Helix Slave",100347
Germany,"Aichwald (Süd)",10183,"stoba Group",KTC-118,KTC-HX/S,"Helix Slave",100552
Germany,"Aichwald (Süd)",10183,"stoba Group",KTC-118,KTC-HX/S,"Helix Slave",100680
Germany,"Aichwald (Süd)",10183,"stoba Group",KTC-119,KTC-ES/M,"TSM-Schubladenschrank Master",100343
Germany,"Aichwald (Süd)",10183,"stoba Group",KTC-119,KTC-HX/S,"Helix Slave",100344
Germany,"Aichwald (Süd)",10183,"stoba Group",KTC-122,KTC-KR/M,"Karussell Master",101371
Germany,"Aichwald (Süd)",10183,"stoba Group",KTC-124,KTC-KR/M,"Karussell Master",100356
Germany,"Hamburg (Nord)",10006,"DPS (Danfoss Power Solutions)",KTC-012,KTC-LO/S,"Locker Slave",101634
Germany,"Hamburg (Nord)",10006,"DPS (Danfoss Power Solutions)",KTC-012,KTC-HX/M,"Helix Master",101665
Germany,"Hamburg (Nord)",10006,"DPS (Danfoss Power Solutions)",KTC-013,KTC-HX/S,"Helix Slave",100262
Germany,"Hamburg (Nord)",10006,"DPS (Danfoss Power Solutions)",KTC-013,KTC-HX/S,"Helix Slave",100579
Germany,"Hamburg (Nord)",10006,"DPS (Danfoss Power Solutions)",KTC-013,KTC-ES/S,"TSM-Schubladenschrank Slave",100786
Germany,"Hamburg (Nord)",10006,"DPS (Danfoss Power Solutions)",KTC-013,KTC-HX/M,"Helix Master",100997
Germany,"Hamburg (Nord)",10006,"DPS (Danfoss Power Solutions)",KTC-013,KTC-LO/S,"Locker Slave",101062
Germany,"Hamburg (Nord)",10006,"DPS (Danfoss Power Solutions)",KTC-013,KTC-KR/S,"Karussell Slave",101597
Germany,"Hamburg (Nord)",10006,"DPS (Danfoss Power Solutions)",KTC-016,KTC-KR/S,"Karussell Slave",100778
Germany,"Hamburg (Nord)",10006,"DPS (Danfoss Power Solutions)",KTC-016,KTC-HX/M,"Helix Master",100779
Germany,"Hamburg (Nord)",10006,"DPS (Danfoss Power Solutions)",KTC-016,KTC-HX/S,"Helix Slave",100808
Germany,"Hamburg (Nord)",10006,"DPS (Danfoss Power Solutions)",KTC-016,KTC-LO/S,"Locker Slave",101061
Germany,"Hamburg (Nord)",10006,"DPS (Danfoss Power Solutions)",KTC-017,KTC-HX/S,"Helix Slave",101201
Germany,"Hamburg (Nord)",10006,"DPS (Danfoss Power Solutions)",KTC-017,KTC-HX/M,"Helix Master",101271
Germany,"Hamburg (Nord)",10006,"DPS (Danfoss Power Solutions)",KTC-018,KTC-HX/S,"Helix Slave",100789
Germany,"Hamburg (Nord)",10006,"DPS (Danfoss Power Solutions)",KTC-018,KTC-HX/S,"Helix Slave",100792
Germany,"Hamburg (Nord)",10006,"DPS (Danfoss Power Solutions)",KTC-018,KTC-HX/S,"Helix Slave",100825
Germany,"Hamburg (Nord)",10006,"DPS (Danfoss Power Solutions)",KTC-018,KTC-HX/M,"Helix Master",101269
Germany,"Hamburg (Nord)",10006,"DPS (Danfoss Power Solutions)",KTC-018,KTC-KR/S,"Karussell Slave",101289
Germany,"Hamburg (Nord)",10006,"DPS (Danfoss Power Solutions)",KTC-018,KTC-KR/S,"Karussell Slave",101290
Germany,"Hamburg (Nord)",10006,"DPS (Danfoss Power Solutions)",KTC-018,KTC-ES/S,"TSM-Schubladenschrank Slave",101659
Germany,"Hamburg (Nord)",10006,"DPS (Danfoss Power Solutions)",KTC-018,KTC-ES/S,"TSM-Schubladenschrank Slave",101660
Germany,"Hamburg (Nord)",10006,"DPS (Danfoss Power Solutions)",KTC-019,KTC-HX/S,"Helix Slave",101134
Germany,"Hamburg (Nord)",10006,"DPS (Danfoss Power Solutions)",KTC-019,KTC-HX/M,"Helix Master",101272
Germany,"Hamburg (Nord)",10006,"DPS (Danfoss Power Solutions)",KTC-021,KTC-HX/S,"Helix Slave",100578
Germany,"Hamburg (Nord)",10006,"DPS (Danfoss Power Solutions)",KTC-021,KTC-HX/M,"Helix Master",100996
Germany,"Hamburg (Nord)",10127,"KROMI Germany/Hamburg","Archive T11",KTC-HX/S,"Helix Slave",101689
Germany,"Hamburg (Nord)",10127,"KROMI Germany/Hamburg","Archive T11",KTC-HX/S,"Helix Slave",101689
Germany,"Hamburg (Nord)",10127,"KROMI Germany/Hamburg","Archive T11",KTC-HX/S,"Helix Slave",101689
Germany,"Hamburg (Nord)",10127,"KROMI Germany/Hamburg","Archive T11",KTC-HX/S,"Helix Slave",101689
Germany,"Hamburg (Nord)",10127,"KROMI Germany/Hamburg","Archive T11",KTC-HX/S,"Helix Slave",101689
Germany,"Hamburg (Nord)",10127,"KROMI Germany/Hamburg","Archive T11",KTC-HX/S,"Helix Slave",101689
Germany,"Hamburg (Nord)",10127,"KROMI Germany/Hamburg","Archive T11",KTC-HX/S,"Helix Slave",101689
Germany,"Hamburg (Nord)",10127,"KROMI Germany/Hamburg","Archive T11",KTC-HX/S,"Helix Slave",101689
Germany,"Hamburg (Nord)",10127,"KROMI Germany/Hamburg","Archive T11",KTC-HX/S,"Helix Slave",101689
Germany,"Hamburg (Nord)",10127,"KROMI Germany/Hamburg","Archive T11",KTC-HX/S,"Helix Slave",101689
Germany,"Hamburg (Nord)",10127,"KROMI Germany/Hamburg","Archive T11",KTC-HX/S,"Helix Slave",101689
Germany,"Hamburg (Nord)",10127,"KROMI Germany/Hamburg","Archive T11",KTC-HX/S,"Helix Slave",101689
Germany,"Hamburg (Nord)",10127,"KROMI Germany/Hamburg","Archive T11",KTC-HX/S,"Helix Slave",101689
Germany,"Hamburg (Nord)",10127,"KROMI Germany/Hamburg","Archive T11",KTC-HX/S,"Helix Slave",101689
Germany,"Hamburg (Nord)",10127,"KROMI Germany/Hamburg","Archive T11",KTC-HX/S,"Helix Slave",101689
Germany,"Hamburg (Nord)",10127,"KROMI Germany/Hamburg",KTC-989,KTC-LO/M,"Locker Master",101507
Germany,"Hamburg (Nord)",10127,"KROMI Germany/Hamburg",KTC-989,KTC-KR/S,"Karussell Slave",101508
Germany,"Hamburg (Nord)",10127,"KROMI Germany/Hamburg",KTC-990,KTC-LO/S,"Locker Slave",101409
Germany,"Hamburg (Nord)",10127,"KROMI Germany/Hamburg",KTC-990,KTC-HX/M,"Helix Master",101603
Germany,"Hamburg (Nord)",10127,"KROMI Germany/Hamburg",KTC-990,KTC-KR/S,"Karussell Slave",101679
Germany,"Hamburg (Nord)",10127,"KROMI Germany/Hamburg",KTC-990,KTC-HX/S,"Helix Slave",101689
Germany,"Hamburg (Nord)",10127,"KROMI Germany/Hamburg",KTC-994,KTC-HX/M,"Helix Master",101139
Germany,"Hamburg (Nord)",10127,"KROMI Germany/Hamburg",KTC-994,KTC-LO/S,"Locker Slave",101212
Germany,"Hamburg (Nord)",10127,"KROMI Germany/Hamburg",KTC-994,KTC-KR/S,"Karussell Slave",101256
Germany,"Hamburg (Nord)",10127,"KROMI Germany/Hamburg","Warehouse T7",KTC-KR/S,"Karussell Slave",101596
Germany,"Hamburg (Nord)",10057,"Leser Hohenwestedt",KTC-075,KTC-HX/S,"Helix Slave",100770
Germany,"Hamburg (Nord)",10057,"Leser Hohenwestedt",KTC-075,KTC-HX/S,"Helix Slave",100772
Germany,"Hamburg (Nord)",10057,"Leser Hohenwestedt",KTC-075,KTC-HX/S,"Helix Slave",100784
Germany,"Hamburg (Nord)",10057,"Leser Hohenwestedt",KTC-075,KTC-HX/S,"Helix Slave",100785
Germany,"Hamburg (Nord)",10057,"Leser Hohenwestedt",KTC-075,KTC-HX/M,"Helix Master",101022
Germany,"Hamburg (Nord)",10057,"Leser Hohenwestedt",KTC-075,KTC-HX/S,"Helix Slave",101026
Germany,"Hamburg (Nord)",10057,"Leser Hohenwestedt",KTC-076,KTC-HX/S,"Helix Slave",100788
Germany,"Hamburg (Nord)",10057,"Leser Hohenwestedt",KTC-076,KTC-HX/S,"Helix Slave",100790
Germany,"Hamburg (Nord)",10057,"Leser Hohenwestedt",KTC-076,KTC-HX/S,"Helix Slave",100793
Germany,"Hamburg (Nord)",10057,"Leser Hohenwestedt",KTC-076,KTC-HX/S,"Helix Slave",100818
Germany,"Hamburg (Nord)",10057,"Leser Hohenwestedt",KTC-076,KTC-HX/S,"Helix Slave",101125
Germany,"Hamburg (Nord)",10057,"Leser Hohenwestedt",KTC-076,KTC-HX/S,"Helix Slave",101142
Germany,"Hamburg (Nord)",10057,"Leser Hohenwestedt",KTC-076,KTC-HX/S,"Helix Slave",101144
Germany,"Hamburg (Nord)",10057,"Leser Hohenwestedt",KTC-076,KTC-HX/M,"Helix Master",101456
Germany,"Hamburg (Nord)",10019,"SIHI Flowserve Itzehoe",KTC-050,KTC-HX/S,"Helix Slave",100323
Germany,"Hamburg (Nord)",10019,"SIHI Flowserve Itzehoe",KTC-050,KTC-HX/S,"Helix Slave",100791
Germany,"Hamburg (Nord)",10019,"SIHI Flowserve Itzehoe",KTC-050,KTC-HX/S,"Helix Slave",100827
Germany,"Hamburg (Nord)",10019,"SIHI Flowserve Itzehoe",KTC-050,KTC-HX/M,"Helix Master",101003
Germany,"Hamburg (Nord)",10019,"SIHI Flowserve Itzehoe",KTC-050,KTC-HX/S,"Helix Slave",101119
Germany,"Hamburg (Nord)",10019,"SIHI Flowserve Itzehoe",KTC-050,KTC-HX/S,"Helix Slave",101121
Germany,"Hamburg (Nord)",10019,"SIHI Flowserve Itzehoe",KTC-050,KTC-HX/S,"Helix Slave",101122
Germany,"Hamburg (Nord)",10019,"SIHI Flowserve Itzehoe",KTC-050,KTC-HX/S,"Helix Slave",101123
Germany,"Hamburg (Nord)",10019,"SIHI Flowserve Itzehoe",KTC-050,KTC-HX/S,"Helix Slave",101141
Germany,"Hamburg (Nord)",10019,"SIHI Flowserve Itzehoe",KTC-050,KTC-HX/S,"Helix Slave",101179
Germany,"Hamburg (Nord)",10197,"SPX Flow Norderstedt",KTC-014,KTC-HX/S,"Helix Slave",100256
Germany,"Hamburg (Nord)",10197,"SPX Flow Norderstedt",KTC-014,KTC-HX/M,"Helix Master",101332
Germany,"Hamburg (Nord)",10197,"SPX Flow Norderstedt",KTC-014,KTC-KR/S,"Karussell Slave",101418
Germany,"Hilden (West)",10066,"Caterpillar Mannheim",KTC-070,KTC-HX/S,"Helix Slave",100057
Germany,"Hilden (West)",10066,"Caterpillar Mannheim",KTC-070,KTC-HX/S,"Helix Slave",100150
Germany,"Hilden (West)",10066,"Caterpillar Mannheim",KTC-070,KTC-HX/S,"Helix Slave",100277
Germany,"Hilden (West)",10066,"Caterpillar Mannheim",KTC-070,KTC-HX/S,"Helix Slave",100600
Germany,"Hilden (West)",10066,"Caterpillar Mannheim",KTC-070,KTC-HX/M,"Helix Master",100682
Germany,"Hilden (West)",10066,"Caterpillar Mannheim",KTC-070,KTC-ES/S,"TSM-Schubladenschrank Slave",101396
Germany,"Hilden (West)",10066,"Caterpillar Mannheim",KTC-070,KTC-KR/S,"Karussell Slave",101420
Germany,"Hilden (West)",10066,"Caterpillar Mannheim",KTC-070,KTC-ES/S,"TSM-Schubladenschrank Slave",101435
Germany,"Hilden (West)",10025,CDL,KTC-042,KTC-HX/M,"Helix Master",100199
Germany,"Hilden (West)",10025,CDL,KTC-042,KTC-ES/S,"TSM-Schubladenschrank Slave",100987
Germany,"Hilden (West)",10025,CDL,KTC-042,KTC-KR/S,"Karussell Slave",101600
Germany,"Hilden (West)",10069,Cotarko,KTC-071,KTC-HX/M,"Helix Master",101001
Germany,"Hilden (West)",10069,Cotarko,KTC-171,KTC-KR/S,"Karussell Slave",100862
Germany,"Hilden (West)",10069,Cotarko,KTC-171,KTC-HX/M,"Helix Master",101000
Germany,"Hilden (West)",10104,Flowserve,KTC-101,KTC-HX/S,"Helix Slave",100350
Germany,"Hilden (West)",10104,Flowserve,KTC-101,KTC-HX/M,"Helix Master",101459
Germany,"Hilden (West)",10104,Flowserve,KTC-101,KTC-KR/S,"Karussell Slave",101630
Germany,"Hilden (West)",10318,"Max Mothes",KTC-129,KTC-KR/S,"Karussell Slave",101339
Germany,"Hilden (West)",10318,"Max Mothes",KTC-129,KTC-HX/M,"Helix Master",101460
Germany,"Hilden (West)",10002,"Picard Monschau",KTC-009,KTC-HX/S,"Helix Slave",101065
Germany,"Hilden (West)",10002,"Picard Monschau",KTC-009,KTC-HX/M,"Helix Master",101138
Germany,"Hilden (West)",10001,"Picard Remscheid",KTC-008,KTC-HX/M,"Helix Master",101375
Germany,"Hilden (West)",10001,"Picard Remscheid",KTC-008,KTC-KR/S,"Karussell Slave",101376
Germany,"Hilden (West)",10001,"Picard Remscheid",KTC-008,KTC-LO/S,"Locker Slave",101383
Germany,"Hilden (West)",10168,Ringspann,KTC-055,KTC-HX/S,"Helix Slave",100160
Germany,"Hilden (West)",10168,Ringspann,KTC-055,KTC-HX/S,"Helix Slave",100161
Germany,"Hilden (West)",10168,Ringspann,KTC-055,KTC-ES/M,"TSM-Schubladenschrank Master",100163
Germany,"Magdeburg (Ost)",10230,"AAM Driveline",KTC-036,KTC-HX/S,"Helix Slave",100091
Germany,"Magdeburg (Ost)",10230,"AAM Driveline",KTC-036,KTC-HX/S,"Helix Slave",100221
Germany,"Magdeburg (Ost)",10230,"AAM Driveline",KTC-036,KTC-HX/M,"Helix Master",101668
Germany,"Magdeburg (Ost)",10063,Bornemann,KTC-057,KTC-BP/M,"Bedienpult ACD",100164
Germany,"Magdeburg (Ost)",10063,Bornemann,KTC-057,KTC-HX/S,"Helix Slave",100165
Germany,"Magdeburg (Ost)",10063,Bornemann,KTC-057,KTC-HX/S,"Helix Slave",100166
Germany,"Magdeburg (Ost)",10063,Bornemann,KTC-157,KTC-HX/M,"Helix Master",100995
Germany,"Magdeburg (Ost)",10028,"EMAG (WEMA) Zerbst",KTC-044,KTC-HX/S,"Helix Slave",100615
Germany,"Magdeburg (Ost)",10028,"EMAG (WEMA) Zerbst",KTC-044,KTC-HX/M,"Helix Master",101519
Germany,"Magdeburg (Ost)",10028,"EMAG (WEMA) Zerbst",KTC-044,KTC-KR/S,"Karussell Slave",101594
Germany,"Magdeburg (Ost)",10109,"Federal Mogul (TRW)",KTC-052,KTC-BP/M,"Bedienpult ACD",100154
Germany,"Magdeburg (Ost)",10109,"Federal Mogul (TRW)",KTC-052,KTC-HX/S,"Helix Slave",100156
Germany,"Magdeburg (Ost)",10003,"GMW Prämab",KTC-006,KTC-BP/M,"Bedienpult ACD",100001
Germany,"Magdeburg (Ost)",10003,"GMW Prämab",KTC-006,KTC-HX/S,"Helix Slave",100002
Germany,"Magdeburg (Ost)",10003,"GMW Prämab",KTC-006,KTC-HX/S,"Helix Slave",100003
Germany,"Magdeburg (Ost)",10003,"GMW Prämab",KTC-006,KTC-HX/S,"Helix Slave",100004
Germany,"Magdeburg (Ost)",10011,"IFA Powertrain",KTC-023,KTC-HX/S,"Helix Slave",100683
Germany,"Magdeburg (Ost)",10011,"IFA Powertrain",KTC-023,KTC-HX/S,"Helix Slave",100939
Germany,"Magdeburg (Ost)",10011,"IFA Powertrain",KTC-023,KTC-HX/M,"Helix Master",101329
Germany,"Magdeburg (Ost)",10011,"IFA Powertrain",KTC-051,KTC-HX/S,"Helix Slave",100257
Germany,"Magdeburg (Ost)",10011,"IFA Powertrain",KTC-051,KTC-HX/S,"Helix Slave",101137
Germany,"Magdeburg (Ost)",10011,"IFA Powertrain",KTC-051,KTC-HX/M,"Helix Master",101327
Germany,"Magdeburg (Ost)",10011,"IFA Powertrain",KTC-082,KTC-HX/M,"Helix Master",100324
Germany,"Magdeburg (Ost)",10011,"IFA Powertrain",KTC-082,KTC-HX/S,"Helix Slave",101133
Germany,"Magdeburg (Ost)",10011,"IFA Powertrain",KTC-085,KTC-HX/S,"Helix Slave",100819
Germany,"Magdeburg (Ost)",10011,"IFA Powertrain",KTC-085,KTC-HX/M,"Helix Master",101324
Germany,"Magdeburg (Ost)",10011,"IFA Powertrain",KTC-111,KTC-ES/M,"TSM-Schubladenschrank Master",100988
Germany,"Magdeburg (Ost)",10017,Klenke,KTC-027,KTC-BP/M,"Bedienpult ACD",100070
Germany,"Magdeburg (Ost)",10017,Klenke,KTC-027,KTC-HX/S,"Helix Slave",100072
Germany,"Magdeburg (Ost)",10017,Klenke,KTC-059,KTC-HX/S,"Helix Slave",100041
Germany,"Magdeburg (Ost)",10017,Klenke,KTC-059,KTC-BP/M,"Bedienpult ACD",100169
Germany,"Magdeburg (Ost)",10017,Klenke,KTC-059,KTC-HX/S,"Helix Slave",100171
Germany,"Magdeburg (Ost)",10015,KMB,KTC-028,KTC-HX/S,"Helix Slave",100187
Germany,"Magdeburg (Ost)",10015,KMB,KTC-028,KTC-HX/M,"Helix Master",101066
Germany,"Magdeburg (Ost)",10015,KMB,KTC-028,KTC-HX/S,"Helix Slave",101143
Germany,"Magdeburg (Ost)",10015,KMB,KTC-028,KTC-KR/S,"Karussell Slave",101337
Germany,"Magdeburg (Ost)",10098,"MAT Machining",KTC-035,KTC-HX/S,"Helix Slave",100193
Germany,"Magdeburg (Ost)",10098,"MAT Machining",KTC-035,KTC-HX/S,"Helix Slave",100306
Germany,"Magdeburg (Ost)",10098,"MAT Machining",KTC-035,KTC-HX/M,"Helix Master",101528
Germany,"Magdeburg (Ost)",10013,"NTN Antriebstechnik",KTC-025,KTC-HX/S,"Helix Slave",100315
Germany,"Magdeburg (Ost)",10013,"NTN Antriebstechnik",KTC-025,KTC-HX/S,"Helix Slave",100337
Germany,"Magdeburg (Ost)",10013,"NTN Antriebstechnik",KTC-025,KTC-HX/M,"Helix Master",101666
Germany,"Magdeburg (Ost)",10160,PTR,KTC-084,KTC-HX/S,"Helix Slave",100309
Germany,"Magdeburg (Ost)",10160,PTR,KTC-084,KTC-LO/S,"Locker Slave",101412
Germany,"Magdeburg (Ost)",10160,PTR,KTC-084,KTC-HX/M,"Helix Master",101542
Germany,"Magdeburg (Ost)",10229,Schneeberger,KTC-026,KTC-HX/S,"Helix Slave",100040
Germany,"Magdeburg (Ost)",10229,Schneeberger,KTC-026,KTC-HX/S,"Helix Slave",100216
Germany,"Magdeburg (Ost)",10229,Schneeberger,KTC-026,KTC-LO/S,"Locker Slave",101413
Germany,"Magdeburg (Ost)",10229,Schneeberger,KTC-026,KTC-HX/M,"Helix Master",101520
Germany,"Magdeburg (Ost)",10229,Schneeberger,KTC-026,KTC-KR/S,"Karussell Slave",101646
Germany,"Magdeburg (Ost)",10190,"Silbitz AWS",KTC-120,KTC-HX/M,"Helix Master",101263
Germany,"Magdeburg (Ost)",10094,"Silbitz Guss",KTC-047,KTC-HX/M,"Helix Master",101667
Germany,"Magdeburg (Ost)",10018,ThyssenKrupp,KTC-040,KTC-HX/S,"Helix Slave",100112
Germany,"Magdeburg (Ost)",10018,ThyssenKrupp,KTC-040,KTC-HX/M,"Helix Master",100113
Germany,"Magdeburg (Ost)",10018,ThyssenKrupp,KTC-060,KTC-HX/M,"Helix Master",100326
Germany,"Magdeburg (Ost)",10018,ThyssenKrupp,KTC-060,KTC-HX/S,"Helix Slave",100332
Germany,"Magdeburg (Ost)",10018,ThyssenKrupp,KTC-060,KTC-HX/S,"Helix Slave",100857
Germany,"Magdeburg (Ost)",10018,ThyssenKrupp,KTC-063,KTC-HX/M,"Helix Master",101664
Germany,"Magdeburg (Ost)",10253,"Volkswagen AG",KTC-180,KTC-LO/S,"Locker Slave",101414
Germany,"Magdeburg (Ost)",10253,"Volkswagen AG",KTC-180,KTC-KR/S,"Karussell Slave",101598
Germany,"Magdeburg (Ost)",10253,"Volkswagen AG",KTC-180,KTC-HX/M,"Helix Master",101670
Netherlands,"Hertogenbosch (NL)",10170,"Caterpillar NL",KTC-453,KTC-KR/S,"Karussell Slave",101378
Netherlands,"Hertogenbosch (NL)",10170,"Caterpillar NL",KTC-453,KTC-LO/S,"Locker Slave",101417
Netherlands,"Hertogenbosch (NL)",10170,"Caterpillar NL",KTC-453,KTC-HX/M,"Helix Master",101517
Poland,Wroclaw,10116,"Caterpillar Janow Lubelski",KTC-512,KTC-HX/S,"Helix Slave",100668
Poland,Wroclaw,10116,"Caterpillar Janow Lubelski",KTC-512,KTC-HX/S,"Helix Slave",100672
Poland,Wroclaw,10116,"Caterpillar Janow Lubelski",KTC-512,KTC-HX/M,"Helix Master",101330
Poland,Wroclaw,10115,"Caterpillar Sosnowic",KTC-511,KTC-HX/S,"Helix Slave",100669
Poland,Wroclaw,10115,"Caterpillar Sosnowic",KTC-511,KTC-HX/M,"Helix Master",101326
Poland,Wroclaw,10186,"Fortaco Janow Lubelski",KTC-514,KTC-HX/S,"Helix Slave",100693
Poland,Wroclaw,10186,"Fortaco Janow Lubelski",KTC-514,KTC-HX/S,"Helix Slave",100694
Poland,Wroclaw,10186,"Fortaco Janow Lubelski",KTC-514,KTC-HX/S,"Helix Slave",100695
Poland,Wroclaw,10186,"Fortaco Janow Lubelski",KTC-514,KTC-BP/M,"Bedienpult ACD",100696
Poland,Wroclaw,10284,"Fortaco Wrochlaw",KTC-515,KTC-HX/S,"Helix Slave",100698
Poland,Wroclaw,10284,"Fortaco Wrochlaw",KTC-515,KTC-HX/M,"Helix Master",100699
Poland,Wroclaw,10284,"Fortaco Wrochlaw",KTC-515,KTC-LO/S,"Locker Slave",101408
Poland,Wroclaw,10284,"Fortaco Wrochlaw",KTC-516,KTC-HX/M,"Helix Master",100883
Poland,Wroclaw,10142,"IFA Powertrain",KTC-507,KTC-HX/S,"Helix Slave",100045
Poland,Wroclaw,10142,"IFA Powertrain",KTC-507,KTC-HX/S,"Helix Slave",100260
Poland,Wroclaw,10142,"IFA Powertrain",KTC-507,KTC-HX/S,"Helix Slave",101136
Poland,Wroclaw,10142,"IFA Powertrain",KTC-507,KTC-HX/M,"Helix Master",101328
Poland,Wroclaw,10142,"IFA Powertrain",KTC-507,KTC-LO/S,"Locker Slave",101384
Poland,Wroclaw,10155,"SPX Flow",KTC-513,KTC-HX/S,"Helix Slave",100685
Poland,Wroclaw,10155,"SPX Flow",KTC-513,KTC-HX/S,"Helix Slave",100686
Poland,Wroclaw,10155,"SPX Flow",KTC-513,KTC-HX/S,"Helix Slave",100687
Poland,Wroclaw,10155,"SPX Flow",KTC-513,KTC-HX/S,"Helix Slave",100688
Poland,Wroclaw,10155,"SPX Flow",KTC-513,KTC-HX/S,"Helix Slave",100689
Poland,Wroclaw,10155,"SPX Flow",KTC-513,KTC-BP/M,"Bedienpult ACD",100691
Poland,Wroclaw,10349,"Weber-Hydraulik sp. z o.o.",KTC-517,KTC-HX/S,"Helix Slave",100681
Poland,Wroclaw,10349,"Weber-Hydraulik sp. z o.o.",KTC-517,KTC-HX/M,"Helix Master",101518
Poland,Wroclaw,10036,"White Drive Motors and Steering",KTC-502,KTC-BP/M,"Bedienpult ACD",100658
Poland,Wroclaw,10036,"White Drive Motors and Steering",KTC-502,KTC-HX/S,"Helix Slave",100659
Poland,Wroclaw,10036,"White Drive Motors and Steering",KTC-502,KTC-HX/S,"Helix Slave",100660
Poland,Wroclaw,10036,"White Drive Motors and Steering",KTC-503,KTC-BP/M,"Bedienpult ACD",100662
Poland,Wroclaw,10036,"White Drive Motors and Steering",KTC-503,KTC-HX/S,"Helix Slave",100663
Poland,Wroclaw,10036,"White Drive Motors and Steering",KTC-503,KTC-HX/S,"Helix Slave",100664
Poland,Wroclaw,10036,"White Drive Motors and Steering",KTC-504,KTC-HX/S,"Helix Slave",100646
Poland,Wroclaw,10036,"White Drive Motors and Steering",KTC-504,KTC-HX/S,"Helix Slave",100648
Poland,Wroclaw,10036,"White Drive Motors and Steering",KTC-504,KTC-HX/S,"Helix Slave",100649
Poland,Wroclaw,10036,"White Drive Motors and Steering",KTC-504,KTC-HX/S,"Helix Slave",100650
Poland,Wroclaw,10036,"White Drive Motors and Steering",KTC-504,KTC-HX/S,"Helix Slave",100652
Poland,Wroclaw,10036,"White Drive Motors and Steering",KTC-504,KTC-HX/S,"Helix Slave",100653
Poland,Wroclaw,10036,"White Drive Motors and Steering",KTC-504,KTC-HX/S,"Helix Slave",100654
Poland,Wroclaw,10036,"White Drive Motors and Steering",KTC-504,KTC-HX/S,"Helix Slave",100655
Poland,Wroclaw,10036,"White Drive Motors and Steering",KTC-504,KTC-HX/S,"Helix Slave",100656
Poland,Wroclaw,10036,"White Drive Motors and Steering",KTC-504,KTC-BP/M,"Bedienpult ACD",100666
Poland,Wroclaw,10036,"White Drive Motors and Steering",KTC-504,KTC-HX/S,"Helix Slave",100667
Poland,Wroclaw,10036,"White Drive Motors and Steering",KTC-504,KTC-HX/S,"Helix Slave",100872
Poland,Wroclaw,10036,"White Drive Motors and Steering",KTC-504,KTC-HX/S,"Helix Slave",100948
Portugal,"Porto (PT)",10303,Hitachi,KTC-480,KTC-HX/M,"Helix Master",101046
Portugal,"Porto (PT)",10303,Hitachi,KTC-480,KTC-LO/S,"Locker Slave",101410
Slovakia,Prievidza,10059,Bonfiglioli,KTC-622,KTC-KR/S,"Karussell Slave",100038
Slovakia,Prievidza,10059,Bonfiglioli,KTC-622,KTC-HX/S,"Helix Slave",100066
Slovakia,Prievidza,10059,Bonfiglioli,KTC-622,KTC-HX/S,"Helix Slave",100220
Slovakia,Prievidza,10059,Bonfiglioli,KTC-622,KTC-HX/S,"Helix Slave",100295
Slovakia,Prievidza,10059,Bonfiglioli,KTC-622,KTC-HX/S,"Helix Slave",100361
Slovakia,Prievidza,10059,Bonfiglioli,KTC-622,KTC-HX/S,"Helix Slave",100609
Slovakia,Prievidza,10059,Bonfiglioli,KTC-622,KTC-HX/M,"Helix Master",101529
Slovakia,Prievidza,10016,"Danfoss PX",KTC-601,KTC-BP/M,"Bedienpult ACD",100701
Slovakia,Prievidza,10016,"Danfoss PX",KTC-601,KTC-HX/S,"Helix Slave",100702
Slovakia,Prievidza,10016,"Danfoss PX",KTC-601,KTC-HX/S,"Helix Slave",100703
Slovakia,Prievidza,10016,"Danfoss PX",KTC-601,KTC-HX/S,"Helix Slave",100704
Slovakia,Prievidza,10016,"Danfoss PX",KTC-601,KTC-HX/S,"Helix Slave",100705
Slovakia,Prievidza,10016,"Danfoss PX",KTC-601,KTC-HX/S,"Helix Slave",100706
Slovakia,Prievidza,10016,"Danfoss PX",KTC-601,KTC-HX/S,"Helix Slave",100707
Slovakia,Prievidza,10016,"Danfoss PX",KTC-601,KTC-HX/S,"Helix Slave",100708
Slovakia,Prievidza,10016,"Danfoss PX",KTC-601,KTC-HX/S,"Helix Slave",100709
Slovakia,Prievidza,10016,"Danfoss PX",KTC-601,KTC-HX/S,"Helix Slave",100710
Slovakia,Prievidza,10016,"Danfoss PX",KTC-602,KTC-BP/M,"Bedienpult ACD",100712
Slovakia,Prievidza,10016,"Danfoss PX",KTC-602,KTC-HX/S,"Helix Slave",100713
Slovakia,Prievidza,10016,"Danfoss PX",KTC-602,KTC-HX/S,"Helix Slave",100714
Slovakia,Prievidza,10016,"Danfoss PX",KTC-602,KTC-HX/S,"Helix Slave",100715
Slovakia,Prievidza,10016,"Danfoss PX",KTC-602,KTC-HX/S,"Helix Slave",100716
Slovakia,Prievidza,10016,"Danfoss PX",KTC-602,KTC-HX/S,"Helix Slave",100717
Slovakia,Prievidza,10016,"Danfoss PX",KTC-602,KTC-HX/S,"Helix Slave",100718
Slovakia,Prievidza,10016,"Danfoss PX",KTC-603,KTC-HX/M,"Helix Master",100100
Slovakia,Prievidza,10016,"Danfoss PX",KTC-603,KTC-HX/S,"Helix Slave",100310
Slovakia,Prievidza,10016,"Danfoss PX",KTC-612,KTC-BP/M,"Bedienpult ACD",100724
Slovakia,Prievidza,10016,"Danfoss PX",KTC-612,KTC-HX/S,"Helix Slave",100725
Slovakia,Prievidza,10016,"Danfoss PX",KTC-612,KTC-HX/S,"Helix Slave",100726
Slovakia,Prievidza,10016,"Danfoss PX",KTC-612,KTC-HX/S,"Helix Slave",100727
Slovakia,Prievidza,10016,"Danfoss PX",KTC-612,KTC-HX/S,"Helix Slave",100728
Slovakia,Prievidza,10016,"Danfoss PX",KTC-612,KTC-HX/S,"Helix Slave",100729
Slovakia,Prievidza,10022,"SECOP SK",KTC-061,KTC-HX/S,"Helix Slave",100177
Slovakia,Prievidza,10022,"SECOP SK",KTC-061,KTC-HX/S,"Helix Slave",100178
Slovakia,Prievidza,10022,"SECOP SK",KTC-061,KTC-HX/S,"Helix Slave",100179
Slovakia,Prievidza,10022,"SECOP SK",KTC-061,KTC-HX/S,"Helix Slave",100180
Slovakia,Prievidza,10022,"SECOP SK",KTC-061,KTC-BP/M,"Bedienpult ACD",100182
Slovakia,Prievidza,10022,"SECOP SK",KTC-615,KTC-HX/S,"Helix Slave",100300
Slovakia,Prievidza,10022,"SECOP SK",KTC-615,KTC-HX/S,"Helix Slave",100601
Slovakia,Prievidza,10022,"SECOP SK",KTC-615,KTC-HX/S,"Helix Slave",100690
Slovakia,Prievidza,10022,"SECOP SK",KTC-615,KTC-HX/S,"Helix Slave",101308
Slovakia,Prievidza,10022,"SECOP SK",KTC-615,KTC-HX/M,"Helix Master",101656
Slovenia,"St.Michael (AT)",10224,Cimos,KTC-650,KTC-HX/M,"Helix Master",100745
Slovenia,"St.Michael (AT)",10224,Cimos,KTC-650,KTC-HX/S,"Helix Slave",100746
Spain,Andalusia,10362,Bosado,KTC-434,KTC-HX/M,"Helix Master",101464
Spain,Andalusia,10362,Bosado,KTC-434,KTC-KR/S,"Karussell Slave",101595
Spain,Andalusia,10112,Consur,KTC-416,KTC-HX/S,"Helix Slave",100298
Spain,Andalusia,10112,Consur,KTC-416,KTC-KR/S,"Karussell Slave",101593
Spain,Andalusia,10112,Consur,KTC-416,KTC-HX/M,"Helix Master",101657
Spain,Galizia,10065,"GKN Vigo",KTC-404,KTC-HX/S,"Helix Slave",100259
Spain,Galizia,10065,"GKN Vigo",KTC-404,KTC-ES/S,"TSM-Schubladenschrank Slave",100559
Spain,Galizia,10065,"GKN Vigo",KTC-404,KTC-HX/S,"Helix Slave",100773
Spain,Galizia,10065,"GKN Vigo",KTC-404,KTC-LO/S,"Locker Slave",100895
Spain,Galizia,10065,"GKN Vigo",KTC-404,KTC-HX/S,"Helix Slave",101132
Spain,Galizia,10065,"GKN Vigo",KTC-404,KTC-HX/S,"Helix Slave",101197
Spain,Galizia,10065,"GKN Vigo",KTC-404,KTC-HX/M,"Helix Master",101321
Spain,Galizia,10065,"GKN Vigo",KTC-405,KTC-BP/M,"Bedienpult ACD",100561
Spain,Galizia,10065,"GKN Vigo",KTC-405,KTC-HX/M,"Helix Master",101690
Spain,Madrid,10111,Nagamohr,KTC-415,KTC-HX/S,"Helix Slave",100291
Spain,Madrid,10111,Nagamohr,KTC-415,KTC-ES/S,"TSM-Schubladenschrank Slave",100582
Spain,Madrid,10111,Nagamohr,KTC-415,KTC-ES/S,"TSM-Schubladenschrank Slave",100583
Spain,Madrid,10111,Nagamohr,KTC-415,KTC-KR/S,"Karussell Slave",101377
Spain,Madrid,10111,Nagamohr,KTC-415,KTC-HX/M,"Helix Master",101462
Spain,"Vitoria (Baskenland)",10322,ALCAY,KTC-433,KTC-HX/M,"Helix Master",101325
Spain,"Vitoria (Baskenland)",10322,ALCAY,KTC-433,KTC-KR/S,"Karussell Slave",101341
Spain,"Vitoria (Baskenland)",10124,"BBI Beretta",KTC-421,KTC-KR/M,"Karussell Master",101454
Spain,"Vitoria (Baskenland)",10143,Dikar,KTC-420,KTC-HX/S,"Helix Slave",100275
Spain,"Vitoria (Baskenland)",10143,Dikar,KTC-420,KTC-KR/S,"Karussell Slave",101278
Spain,"Vitoria (Baskenland)",10143,Dikar,KTC-420,KTC-HX/M,"Helix Master",101663
Spain,"Vitoria (Baskenland)",10143,Dikar,KTC-425,KTC-HX/S,"Helix Slave",100152
Spain,"Vitoria (Baskenland)",10143,Dikar,KTC-425,KTC-HX/M,"Helix Master",100224
Spain,"Vitoria (Baskenland)",10143,Dikar,KTC-425,KTC-HX/S,"Helix Slave",100278
Spain,"Vitoria (Baskenland)",10041,GKN,KTC-401,KTC-HX/M,"Helix Master",101331
Spain,"Vitoria (Baskenland)",10045,"GKN ZUM",KTC-403,KTC-LO/S,"Locker Slave",101382
Spain,"Vitoria (Baskenland)",10045,"GKN ZUM",KTC-403,KTC-HX/M,"Helix Master",101457
Spain,"Vitoria (Baskenland)",10045,"GKN ZUM",KTC-403,KTC-KR/S,"Karussell Slave",101550
Spain,"Vitoria (Baskenland)",10107,INAUXA,KTC-413,KTC-HX/M,"Helix Master",100763
Spain,"Vitoria (Baskenland)",10107,INAUXA,KTC-413,KTC-ES/S,"TSM-Schubladenschrank Slave",101014
Spain,"Vitoria (Baskenland)",10107,INAUXA,KTC-413,KTC-ES/S,"TSM-Schubladenschrank Slave",101015
Spain,"Vitoria (Baskenland)",10107,INAUXA,KTC-413,KTC-ES/S,"TSM-Schubladenschrank Slave",101016
Spain,"Vitoria (Baskenland)",10093,"INDAR CIM",KTC-406,KTC-KR/M,"Karussell Master",101452
Spain,"Vitoria (Baskenland)",10093,"INDAR CIM",KTC-406,KTC-ES/S,"TSM-Schubladenschrank Slave",101496
Spain,"Vitoria (Baskenland)",10106,RTS,KTC-410,KTC-HX/M,"Helix Master",101270
Spain,"Vitoria (Baskenland)",10106,RTS,KTC-410,KTC-KR/S,"Karussell Slave",101686
